id,enigme,solution
1,"Je suis plein de trous mais je retiens l'eau. Qui suis-je ?","Une éponge"
2,"Plus j'ai de gardiens, moins je suis gardé. Moins j'en ai, plus je suis en danger. Qui suis-je ?","Un secret"
3,"On me jette quand on a besoin de moi et on me reprend quand on n'a plus besoin. Qui suis-je ?","Une ancre"
4,"Je peux faire le tour du monde tout en restant dans mon coin. Qui suis-je ?","Un timbre"
5,"Je commence la nuit et je finis le matin. Qui suis-je ?","La lettre N"
6,"Je n'ai pas de poumons mais j'ai besoin d'air. Qui suis-je ?","Le feu"
7,"Plus je sèche, plus je mouille. Qui suis-je ?","Une serviette"
8,"Je grandis sans être vivant. J'ai besoin d'air mais l'eau me tue. Qui suis-je ?","Le feu"
9,"Celui qui me fabrique ne veut pas me garder. Celui qui m'achète ne m'utilise pas. Celui qui m'utilise ne le sait pas. Qui suis-je ?","Un cercueil"
10,"Je peux être longue ou courte, je fais réfléchir et je finis souvent par une question. Qui suis-je ?","Une énigme"
11,"Je n'ai pas de voix mais je réponds quand on me parle. Qui suis-je ?","Un écho"
12,"Plus on m'enlève, plus je grandis. Qui suis-je ?","Un trou"
13,"Qu'est-ce qui a des villes sans maisons, des forêts sans arbres et des rivières sans eau ?","Une carte"
14,"Je vole sans ailes et je pleure sans yeux. Qui suis-je ?","Un nuage"
15,"Qu'est-ce qui a des mains sans jamais applaudir ?","Une horloge"
16,"On me casse avant de m'utiliser. Qui suis-je ?","Un œuf"
17,"Je viens une fois dans « minute », deux fois dans « moment », mais jamais dans « mille ans ». Qui suis-je ?","La lettre M"
18,"Qu'est-ce qui a des feuilles sans avoir de branches ?","Un livre"
19,"Qu'est-ce qui peut remplir une pièce entière sans prendre de place ?","La lumière"
20,"Plus je suis grand, moins on me voit. Qui suis-je ?","Le brouillard"
21,"Plus il y en a, moins on voit. Qui suis-je ?","L'obscurité"
22,"Qu'est-ce qui a une tête et une queue sans avoir de corps ?","Une pièce"
23,"Qu'est-ce qui a un œil sans jamais rien voir ?","Une aiguille"
24,"Qu'est-ce qui a quatre pieds sans jamais marcher ?","Un lit"
25,"Qu'est-ce qui est toujours devant toi sans que tu puisses le voir ?","L'avenir"
26,"Qu'est-ce qui t'appartient mais que les autres utilisent plus que toi ?","Ton prénom"
27,"Qu'est-ce qui monte quand la pluie tombe ?","Un parapluie"
28,"Je suis noir quand je suis propre et blanc quand je suis sale. Qui suis-je ?","Un tableau"
29,"Qu'est-ce qui est plein pendant la journée et vide pendant la nuit ?","Des chaussures"
30,"Qu'est-ce qui a des dents sans jamais manger ?","Un peigne"
31,"Je te suis partout sans jamais te rattraper. Qui suis-je ?","Ton ombre"
32,"Je porte un chapeau sans avoir de tête. Qui suis-je ?","Un champignon"
33,"Qu'est-ce qui a des visages sans jamais montrer la tête ?","Un dé"
34,"Qu'est-ce qui fait le tour de la maison sans jamais y entrer ?","Le mur"
35,"Qu'est-ce qui a un lit sans jamais dormir ?","Une rivière"
36,"Qu'est-ce qui a un cou sans avoir de tête ?","Une bouteille"
37,"Qu'est-ce qui monte et descend sans jamais bouger ?","Un escalier"
38,"Je suis plus léger qu'une plume, mais personne ne peut me retenir longtemps. Qui suis-je ?","Le souffle"
39,"Qu'est-ce qui a des doigts sans être une main ?","Un gant"
40,"Qu'est-ce qui court sans jamais avoir de jambes ?","Le temps"
41,"Je deviens plus grand quand on me retourne. Qui suis-je ?","Le chiffre 6"
42,"Je tourne sans cesse sans jamais quitter ma place. Qui suis-je ?","Un ventilateur"
43,"Qu'est-ce qui a des vagues sans avoir de mer ?","Un champ de blé"
44,"Qu'est-ce qui tombe toujours sans jamais se faire mal ?","La nuit"
45,"Qu'est-ce qui se lève sans jamais se réveiller ?","Le jour"
46,"Qu'est-ce qui a des oreilles sans jamais entendre ?","Une casserole"
47,"Qu'est-ce qui a un cœur sans avoir de corps ?","Un artichaut"
48,"J'ai des touches sans jamais ouvrir de porte. Qui suis-je ?","Un piano"
49,"J'ai des cordes sans jamais rien attacher. Qui suis-je ?","Une guitare"
50,"Qu'est-ce qui augmente sans jamais diminuer ?","L'âge"
51,"Qu'est-ce qui augmente à chaque fois qu'on le partage ?","Le savoir"
52,"Je suis toujours à venir mais je n'arrive jamais. Qui suis-je ?","Demain"
53,"On me sert mais je ne me mange pas. Qui suis-je ?","Une balle de tennis"
54,"Qu'est-ce qui a des ailes sans jamais voler ?","Un moulin"
55,"Qu'est-ce qui a une bouche sans jamais parler ?","Un four"
56,"Je relie la ville et la campagne sans jamais bouger. Qui suis-je ?","Une route"
57,"Qu'est-ce qui a des aiguilles sans jamais coudre ?","Un sapin"
58,"Que trouve-t-on exactement au milieu de Paris ?","La lettre R"
59,"Quel est le mot le plus mal prononcé de la langue française ?","Mal prononcé"
60,"Je commence par un E, je termine par un E et je ne contiens qu'une seule lettre. Qui suis-je ?","Une enveloppe"
61,"Dans une course, tu doubles le deuxième coureur. À quelle place es-tu ?","La deuxième"
62,"Le médecin te donne trois comprimés à prendre toutes les demi-heures. Combien de temps durent-elles ?","Une heure"
63,"Combien de fois peut-on soustraire 5 de 25 ?","Une fois"
64,"Qu'est-ce qui a une couronne sans être roi ?","Un ananas"
65,"Qu'est-ce qui a une queue sans être un animal ?","Une comète"
66,"Qu'est-ce qui est rempli de plumes sans jamais voler ?","Un oreiller"
67,"Je réfléchis sans jamais penser. Qui suis-je ?","Un miroir"
68,"On me brise dès qu'on parle. Qui suis-je ?","Le silence"
69,"Qu'est-ce que tu peux tenir dans ta main droite mais jamais dans ta main gauche ?","Ta main droite"
70,"Qu'est-ce qui a des yeux sans jamais rien voir ?","Une pomme de terre"
71,"Qu'est-ce qui a des poils sans être vivant ?","Un pinceau"
72,"Qu'est-ce qui repousse quand on le coupe ?","Les cheveux"
73,"Je brille dans la nuit sans être une étoile. Qui suis-je ?","La lune"
74,"Le père de Sandy a cinq filles : Lala, Lele, Lili, Lolo et...","Sandy"
75,"Quel est le centre de gravité ?","La lettre V"
76,"Que trouve-t-on au milieu de l'eau ?","La lettre A"
77,"Quelle créature marche à quatre pattes le matin, à deux à midi et à trois le soir ?","L'homme"
78,"Je sonne sans jamais savoir chanter. Qui suis-je ?","Un téléphone"
79,"J'écris sans jamais savoir lire. Qui suis-je ?","Un stylo"
80,"Je bats sans jamais jouer de musique. Qui suis-je ?","Le cœur"
81,"Je scintille dans le ciel sans électricité. Qui suis-je ?","Une étoile"
82,"J'orne le ciel de couleurs après la pluie. Qui suis-je ?","Un arc-en-ciel"
83,"Je tiens ton pantalon sans jamais te serrer la main. Qui suis-je ?","Une ceinture"
84,"Je tourne depuis des milliards d'années sans jamais me presser. Qui suis-je ?","La Terre"
85,"On me boit chaud le matin et glacé l'été. Qui suis-je ?","Le café"
86,"On me lit chaque matin et je suis toujours à jour. Qui suis-je ?","Le journal"
87,"Je butine de fleur en fleur et je fabrique du miel. Qui suis-je ?","Une abeille"
88,"Je dors tout l'hiver et je me réveille au printemps. Qui suis-je ?","Un ours"
89,"J'ai une poche mais je n'y range pas de portefeuille. Qui suis-je ?","Un kangourou"
90,"Je construis des barrages sans truelle. Qui suis-je ?","Un castor"
91,"Je perds ma queue mais elle repousse. Qui suis-je ?","Un lézard"
92,"Je n'ai ni pattes ni ailes mais je grimpe partout. Qui suis-je ?","Un serpent"
93,"J'ai huit pattes et je tisse ma toile. Qui suis-je ?","Une araignée"
94,"Je transporte ma maison sur mon dos. Qui suis-je ?","Un escargot"
95,"J'ai des rayures sans jamais faire de lessive. Qui suis-je ?","Un zèbre"
96,"J'ai le cou si long que je mange dans les arbres. Qui suis-je ?","Une girafe"
97,"J'ai une trompette sans jamais en jouer. Qui suis-je ?","Un éléphant"
98,"Je peux dormir debout sans jamais tomber. Qui suis-je ?","Un cheval"
99,"Je change de couleur selon mon humeur. Qui suis-je ?","Un caméléon"
100,"Je vole sans être un oiseau et je me suspends tête en bas. Qui suis-je ?","Une chauve-souris"
101,"Qu'est-ce qu'on peut attraper sans jamais le lancer ?","Un rhume"
102,"Je fais pleurer sans être triste. Qui suis-je ?","Un oignon"
103,"On dit que j'ai neuf vies. Qui suis-je ?","Un chat"
104,"Qu'est-ce qui a un manche sans être un outil ?","Un seau"
105,"Je porte tout sans jamais avoir de mains. Qui suis-je ?","Une étagère"
106,"Je flotte sur l'eau sans jamais me mouiller. Qui suis-je ?","Un reflet"
107,"Qu'est-ce qui a des épines sans être un hérisson ?","Un cactus"
108,"Je perds du poids à chaque bain. Qui suis-je ?","Le savon"
109,"Qu'est-ce qui a une poignée sans avoir de main ?","Une porte"
110,"On me noue chaque matin. Qui suis-je ?","Des lacets"
111,"Je change de tenue quatre fois par an sans jamais changer de place. Qui suis-je ?","Un arbre"
112,"Quel est le mot français qui contient toutes les voyelles ?","Oiseau"
113,"Je chante la nuit sans connaître le solfège. Qui suis-je ?","Un grillon"
114,"Tu me vois souffler les feuilles sans jamais me voir. Qui suis-je ?","Le vent"
115,"Mes pépins sont à l'extérieur. Qui suis-je ?","Une fraise"
116,"Je tremble sans jamais avoir froid. Qui suis-je ?","Une feuille"
117,"Je suis liquide et solide selon la température. Qui suis-je ?","L'eau"
118,"Mon nom est le son que je fais. Qui suis-je ?","Le coucou"
119,"Je traverse le désert presque sans boire grâce à mes bosses. Qui suis-je ?","Un chameau"
120,"Je tombe des nuages en flocons et j'habille la terre en blanc. Qui suis-je ?","La neige"
121,"Je tombe des nuages et je fais pousser les fleurs. Qui suis-je ?","La pluie"
122,"Je peins les arbres en rouge et or avant l'hiver. Qui suis-je ?","L'automne"
